time, temp_max, temp, temp_min, travel_time
1484317801, 286.15, 284, 281.15, 2945
1484318701, 286.15, 283.65, 281.15, 2819
1484319601, 285.15, 283.41, 280.15, 2805
1484320501, 285.15, 283.41, 280.15, 2811
1484321403, 285.15, 283.07, 281.15, 2775
1484322301, 285.15, 283.07, 281.15, 2848
1484323202, 285.15, 283.07, 281.15, 2940
1484326801, 284.15, 282.99, 281.15, 2758
1484330401, 285.15, 283.79, 283.15, 3086
1484334002, 285.15, 284.07, 283.15, 3350
1484337601, 286.15, 284.49, 283.15, 3978
1484338501, 285.15, 284.6, 284.15, 4111
1484339401, 285.15, 284.61, 284.15, 4124
1484340302, 286.15, 284.69, 283.15, 4447
1484341201, 286.15, 284.41, 282.15, 4455
1484342101, 286.15, 284.16, 282.15, 4657
1484343002, 286.15, 284.34, 282.15, 4577
1484343902, 285.15, 283.7, 282.15, 4398
1484344801, 285.15, 283.41, 281.15, 4471
1484345701, 284.15, 283.52, 282.15, 4545
1484346601, 284.15, 282.69, 281.15, 4411
1484347501, 284.15, 282.69, 281.15, 4275
1484348401, 283.15, 282.34, 281.15, 4270
1484349301, 283.15, 282.34, 281.15, 4507
1484350201, 283.15, 281.79, 280.15, 3663
1484351101, 283.15, 281.79, 280.15, 3633
1484352001, 283.15, 281.79, 280.15, 3439
1484352901, 283.15, 281.41, 279.15, 3315
1484353801, 283.15, 281.53, 280.15, 3133
1484354701, 282.15, 281.15, 280.15, 3049
1484355601, 282.15, 281.06, 279.15, 2954
1484356501, 282.15, 280.89, 279.15, 2796
1484357401, 282.15, 280.89, 279.15, 2769
1484358301, 282.15, 280.79, 279.15, 2725
1484359201, 282.15, 280.79, 279.15, 2702
1484923987, 279.15, 278.24, 277.15, 2748
1484924401, 279.15, 278.24, 277.15, 2730
1484925301, 280.15, 278.42, 277.15, 2744
1484926201, 280.15, 278.65, 277.15, 2764
1484927101, 280.15, 278.82, 277.15, 2756
1484928001, 280.15, 278.91, 277.15, 2780
1484931601, 281.15, 279.82, 278.15, 2842
1484935202, 282.15, 280.48, 279.15, 3010
1484938801, 283.15, 281.23, 279.15, 3066
1484942401, 283.15, 281.33, 279.15, 3183
1484943301, 283.15, 281.42, 280.15, 3005
1484944201, 283.15, 281.39, 280.15, 2945
1484945101, 283.15, 281.66, 280.15, 2922
1484946002, 283.15, 281.67, 280.15, 2953
1484946901, 284.15, 281.99, 280.15, 2940
1484947801, 282.15, 281.82, 281.15, 3000
1484948701, 284.15, 282.4, 280.15, 2937
1484949602, 281.746, 281.746, 281.746, 2937
1484950502, 281.15, 280.83, 280.15, 2945
1484951401, 282.15, 282.15, 282.15, 2984
1484952302, 280.958, 280.958, 280.958, 3018
1484953201, 281.15, 281.15, 281.15, 3033
1484954101, 280.958, 280.958, 280.958, 3014
1484955001, 280.958, 280.958, 280.958, 2984
1484955902, 280.958, 280.958, 280.958, 2939
1484956801, 280.958, 280.958, 280.958, 2880
1484957701, 280.958, 280.958, 280.958, 2865
1484958601, 280.15, 280.15, 280.15, 2814
1484959501, 280.958, 280.958, 280.958, 2810
1484960402, 283.15, 282.54, 282.15, 2774
1484961301, 280.15, 280.15, 280.15, 2766
1484962201, 282.15, 281.69, 281.15, 2739
1484963101, 283.15, 282, 280.15, 2723
1484964001, 283.15, 281.56, 280.15, 2724
1484967601, 283.15, 281.4, 280.15, 2697
1484971201, 283.15, 281.57, 280.15, 2662
1484974801, 283.15, 281.48, 280.15, 2659
1484978401, 283.15, 281.48, 280.15, 2672
1484982001, 282.15, 281.51, 281.15, 2611
1484985601, 282.15, 281.42, 280.15, 2634
1484989201, 282.15, 281.74, 281.15, 2625
1484992801, 282.15, 281.49, 280.15, 2548
1484996401, 282.15, 281.79, 281.15, 2632
1484997301, 282.15, 281.79, 281.15, 2587
1484998201, 282.15, 281.7, 281.15, 2581
1484999101, 282.15, 281.75, 281.15, 2609
1485000001, 282.15, 281.76, 281.15, 2634
1485000901, 282.15, 281.7, 281.15, 2662
1485001801, 282.15, 281.7, 281.15, 2702
1485002701, 282.15, 281.75, 281.15, 2757
1485003601, 282.15, 281.75, 281.15, 2860
1485004501, 282.15, 281.76, 281.15, 3012
1485005402, 282.15, 281.7, 281.15, 3108
1485006301, 282.15, 281.78, 281.15, 2988
1485007202, 282.15, 281.75, 281.15, 2856
1485008101, 282.15, 281.76, 281.15, 2817
1485009001, 282.15, 281.69, 281.15, 2768
1485009901, 282.15, 281.9, 281.15, 2766
1485010801, 282.15, 281.16, 280.15, 2754
1485011701, 282.15, 281.55, 280.15, 2802
1485012602, 282.15, 281.37, 280.15, 2797
1485013501, 281.15, 280.6, 280.15, 2784
1485014401, 282.15, 281.87, 281.15, 2778
1485018001, 281.15, 281.15, 281.15, 2766
1485021601, 284.429, 284.429, 284.429, 2867
1485025201, 284.429, 284.429, 284.429, 2851
1485028801, 286.107, 286.107, 286.107, 2860
1485029701, 286.107, 286.107, 286.107, 2877
1485030602, 286.107, 286.107, 286.107, 2905
1485031501, 286.107, 286.107, 286.107, 2974
1485032402, 286.107, 286.107, 286.107, 2945
1485033301, 286.107, 286.107, 286.107, 2952
1485034202, 286.107, 286.107, 286.107, 2946
1485035101, 286.107, 286.107, 286.107, 2942
1485036001, 286.107, 286.107, 286.107, 3023
1485036901, 286.107, 286.107, 286.107, 2994
1485037801, 286.107, 286.107, 286.107, 3032
1485038701, 283.723, 283.723, 283.723, 3048
1485039601, 283.723, 283.723, 283.723, 3013
1485040501, 283.723, 283.723, 283.723, 2969
1485041401, 283.723, 283.723, 283.723, 2945
1485043201, 283.723, 283.723, 283.723, 2865
1485044101, 283.723, 283.723, 283.723, 2820
1485045001, 283.723, 283.723, 283.723, 2790
1485045901, 283.723, 283.723, 283.723, 2786
1485046802, 283.723, 283.723, 283.723, 2774
1485047702, 283.723, 283.723, 283.723, 2751
1485048602, 283.723, 283.723, 283.723, 2729
1485049501, 282.655, 282.655, 282.655, 2712
1485050402, 282.655, 282.655, 282.655, 2718
1485054001, 282.655, 282.655, 282.655, 2725
1485057601, 282.655, 282.655, 282.655, 2691
1485061201, 282.263, 282.263, 282.263, 2674
1485064802, 282.263, 282.263, 282.263, 2681
1485068401, 281.15, 280.49, 280.15, 2648
1485072001, 283.15, 281.69, 280.15, 2652
1485075601, 283.15, 281.55, 280.15, 2582
1485079201, 283.15, 281.43, 280.15, 2586
1485082802, 283.15, 281.43, 280.15, 2549
1485083703, 281.15, 280.8, 280.15, 2574
1485084601, 281.15, 280.72, 280.15, 2584
1485085501, 283.15, 281.33, 280.15, 2564
1485086401, 281.15, 281.15, 281.15, 2556
1485087302, 280.15, 280.15, 280.15, 2562
1485088202, 281.15, 280.55, 280.15, 2551
1485089101, 280.15, 280.15, 280.15, 2557
1485090001, 282.15, 281.58, 280.15, 2559
1485090901, 280.15, 280.15, 280.15, 2599
1485091802, 281.15, 280.78, 280.15, 2608
1485092701, 280.15, 280.15, 280.15, 2641
1485093601, 282.15, 281.49, 280.15, 2615
1485094501, 282.742, 282.742, 282.742, 2629
1485095401, 282.742, 282.742, 282.742, 2641
1485096301, 282.742, 282.742, 282.742, 2650
1485097201, 281.183, 281.183, 281.183, 2656
1485098101, 281.183, 281.183, 281.183, 2709
1485099001, 281.183, 281.183, 281.183, 2716
1485099901, 281.183, 281.183, 281.183, 2695
1485100801, 281.183, 281.183, 281.183, 2676
1485104401, 283.204, 283.204, 283.204, 2761
1485108002, 283.204, 283.204, 283.204, 2779
1485111601, 283.204, 283.204, 283.204, 2876
1485115201, 284.222, 284.222, 284.222, 2988
1485116101, 284.222, 284.222, 284.222, 2931
1485117001, 284.222, 284.222, 284.222, 2947
1485117901, 284.222, 284.222, 284.222, 2905
1485118802, 284.15, 283.15, 282.15, 3030
1485119701, 284.222, 284.222, 284.222, 2958
1485120602, 284.222, 284.222, 284.222, 2912
1485121502, 284.222, 284.222, 284.222, 2985
1485122402, 284.15, 282.98, 282.15, 2913
1485123301, 284.222, 284.222, 284.222, 2917
1485124202, 284.222, 284.222, 284.222, 2915
1485125101, 283.152, 283.152, 283.152, 2936
1485126001, 283.152, 283.152, 283.152, 2958
1485126901, 283.152, 283.152, 283.152, 2886
1485127801, 283.152, 283.152, 283.152, 2852
1485128702, 283.152, 283.152, 283.152, 2806
1485129601, 283.152, 283.152, 283.152, 2820
1485130501, 283.152, 283.152, 283.152, 2803
1485131402, 283.152, 283.152, 283.152, 2780
1485132301, 283.152, 283.152, 283.152, 2781
1485133201, 283.152, 283.152, 283.152, 2778
1485134101, 283.152, 283.152, 283.152, 2779
1485135002, 283.152, 283.152, 283.152, 2753
1485135901, 282.9, 282.9, 282.9, 2729
1485136801, 282.9, 282.9, 282.9, 2701
1485140401, 282.9, 282.9, 282.9, 2695
1485144001, 282.9, 282.9, 282.9, 2670
1485147601, 284.15, 283.06, 282.15, 2692
1485151201, 284.15, 283.33, 282.15, 2677
1485154801, 284.15, 282.99, 281.15, 2665
1485158401, 283.15, 282.57, 281.15, 2621
1485162002, 283.15, 282.42, 281.15, 2571
1485165601, 283.15, 281.82, 280.15, 2648
1485169201, 282.15, 281.57, 280.15, 3393
1485170101, 282.15, 281.57, 280.15, 3558
1485171001, 282.15, 281.71, 280.15, 3777
1485171901, 282.15, 281.52, 280.15, 3894
1485172801, 282.15, 281.52, 280.15, 4178
1485173701, 282.15, 281.52, 280.15, 4450
1485174601, 282.15, 281.43, 280.15, 4658
1485175501, 282.15, 281.16, 279.15, 4823
1485176401, 282.15, 281.15, 279.15, 4516
1485177301, 282.15, 281.15, 279.15, 4602
1485178201, 282.15, 281.07, 279.15, 4262
1485179102, 282.15, 281.07, 279.15, 3943
1485180001, 282.15, 281, 279.15, 4004
1485180901, 282.15, 280.82, 279.15, 3868
1485181801, 282.15, 280.82, 279.15, 3627
1485182701, 282.15, 280.7, 279.15, 3368
1485183601, 282.15, 280.75, 279.15, 3307
1485184501, 282.15, 280.73, 279.15, 3262
1485185401, 282.15, 280.73, 279.15, 3148
1485186301, 282.15, 280.78, 279.15, 3093
1485187202, 281.15, 280.16, 279.15, 2938
1485190801, 280.242, 280.242, 280.242, 2813
1485194401, 280.242, 280.242, 280.242, 2923
1485198002, 280.242, 280.242, 280.242, 3035
1485201601, 280.018, 280.018, 280.018, 3756
1485202501, 280.018, 280.018, 280.018, 3913
1485203401, 280.018, 280.018, 280.018, 3998
1485204301, 280.018, 280.018, 280.018, 3995
1485205201, 280.018, 280.018, 280.018, 4119
1485206101, 280.018, 280.018, 280.018, 4226
1485207001, 280.018, 280.018, 280.018, 4284
1485207901, 280.018, 280.018, 280.018, 4442
1485208801, 280.018, 280.018, 280.018, 4604
1485209701, 280.018, 280.018, 280.018, 4520
1485210601, 280.018, 280.018, 280.018, 4449
1485211501, 280.213, 280.213, 280.213, 4223
1485212402, 280.213, 280.213, 280.213, 4005
1485213301, 280.213, 280.213, 280.213, 3716
1485214201, 280.213, 280.213, 280.213, 3685
1485215101, 280.213, 280.213, 280.213, 3213
1485216002, 280.213, 280.213, 280.213, 3068
1485216901, 280.213, 280.213, 280.213, 2902
1485217801, 280.213, 280.213, 280.213, 2855
1485218701, 280.213, 280.213, 280.213, 2754
1485219601, 280.213, 280.213, 280.213, 2765
1485220501, 280.213, 280.213, 280.213, 2749
1485221401, 280.213, 280.213, 280.213, 2712
1485222301, 279.723, 279.723, 279.723, 2704
1485223201, 279.723, 279.723, 279.723, 2702
1485226801, 279.723, 279.723, 279.723, 2683
1485230401, 279.723, 279.723, 279.723, 2685
1485234001, 278.451, 278.451, 278.451, 2663
1485237602, 278.451, 278.451, 278.451, 2700
1485241201, 278.451, 278.451, 278.451, 2750
1485244801, 277.622, 277.622, 277.622, 2633
1485248401, 277.622, 277.622, 277.622, 2597
1485252001, 277.15, 276.07, 275.15, 2620
1485255608, 277.15, 276.14, 275.15, 3527
1485256503, 276.884, 276.884, 276.884, 3823
1485257401, 275.15, 275.15, 275.15, 4056
1485258301, 276.884, 276.884, 276.884, 4192
1485259201, 276.884, 276.884, 276.884, 4308
1485260101, 276.884, 276.884, 276.884, 4658
1485261001, 276.884, 276.884, 276.884, 4680
1485261902, 276.884, 276.884, 276.884, 4663
1485262801, 276.884, 276.884, 276.884, 4449
1485263701, 276.884, 276.884, 276.884, 4383
1485264601, 276.884, 276.884, 276.884, 4247
1485265501, 278.757, 278.757, 278.757, 4030
1485266402, 278.757, 278.757, 278.757, 3818
1485267302, 278.757, 278.757, 278.757, 3891
1485268202, 278.757, 278.757, 278.757, 3567
1485269101, 278.757, 278.757, 278.757, 3413
1485270001, 279.15, 277.71, 276.15, 3093
1485270902, 278.757, 278.757, 278.757, 2950
1485271802, 278.757, 278.757, 278.757, 2877
1485272702, 278.757, 278.757, 278.757, 2866
1485273601, 278.757, 278.757, 278.757, 2926
1485277202, 280.839, 280.839, 280.839, 2838
1485280801, 280.839, 280.839, 280.839, 2874
1485284401, 280.839, 280.839, 280.839, 2981
1485288001, 282.215, 282.215, 282.215, 3478
1485288902, 282.215, 282.215, 282.215, 3418
1485289801, 282.215, 282.215, 282.215, 3558
1485290701, 282.215, 282.215, 282.215, 3760
1485291601, 282.215, 282.215, 282.215, 3790
1485292501, 282.215, 282.215, 282.215, 3932
1485293401, 282.215, 282.215, 282.215, 4055
1485294302, 282.215, 282.215, 282.215, 4100
1485295201, 282.215, 282.215, 282.215, 4207
1485296102, 282.215, 282.215, 282.215, 4005
1485297001, 282.215, 282.215, 282.215, 3823
1485297901, 281.033, 281.033, 281.033, 3796
1485298801, 281.033, 281.033, 281.033, 3586
1485299701, 281.033, 281.033, 281.033, 3415
1485300602, 281.033, 281.033, 281.033, 3220
1485301501, 281.033, 281.033, 281.033, 3185
1485302401, 281.033, 281.033, 281.033, 2936
1485303301, 281.033, 281.033, 281.033, 2836
1485304201, 281.033, 281.033, 281.033, 2842
1485305101, 281.033, 281.033, 281.033, 2783
1485306001, 281.033, 281.033, 281.033, 2767
1485306901, 281.033, 281.033, 281.033, 2700
1485307802, 281.033, 281.033, 281.033, 2709
1485308701, 280.241, 280.241, 280.241, 2705
1485309601, 280.241, 280.241, 280.241, 2715
1485313201, 280.241, 280.241, 280.241, 2679
1485316801, 280.241, 280.241, 280.241, 2721
1485320402, 279.238, 279.238, 279.238, 2636
1485324001, 279.238, 279.238, 279.238, 2636
1485327601, 279.238, 279.238, 279.238, 2644
1485331201, 278.024, 278.024, 278.024, 2610
1485334801, 278.024, 278.024, 278.024, 2553
1485338401, 278.024, 278.024, 278.024, 2564
1485342002, 276.189, 276.189, 276.189, 3206
1485342902, 276.189, 276.189, 276.189, 3500
1485343801, 276.189, 276.189, 276.189, 3699
1485344701, 276.189, 276.189, 276.189, 3885
1485345601, 276.189, 276.189, 276.189, 4083
1485346501, 276.189, 276.189, 276.189, 4403
1485347401, 276.189, 276.189, 276.189, 4482
1485348301, 276.189, 276.189, 276.189, 4647
1485349201, 276.189, 276.189, 276.189, 4354
1485350101, 276.189, 276.189, 276.189, 4160
1485351001, 276.189, 276.189, 276.189, 3872
1485351901, 281.45, 281.45, 281.45, 3669
1485352801, 281.45, 281.45, 281.45, 3604
1485353701, 281.45, 281.45, 281.45, 3441
1485354601, 281.45, 281.45, 281.45, 3488
1485355501, 281.45, 281.45, 281.45, 3270
1485356401, 281.45, 281.45, 281.45, 3097
1485357301, 281.019, 281.019, 281.019, 2962
1485358201, 283.15, 282.17, 281.15, 2805
1485359101, 284.15, 282.51, 281.15, 2739
1485360001, 284.15, 282.69, 281.15, 2737
1485363602, 285.15, 284.45, 283.15, 2776
1485367201, 288.15, 286.14, 285.15, 2736
1485370802, 289.15, 287.27, 285.15, 2931
1485374401, 290.15, 288.62, 286.15, 3722
1485375301, 290.15, 288.65, 286.15, 4043
1485376201, 289.15, 288.07, 287.15, 3980
1485377101, 286.725, 286.725, 286.725, 4155
1485378001, 286.725, 286.725, 286.725, 4229
1485378901, 286.725, 286.725, 286.725, 4733
1485379801, 286.725, 286.725, 286.725, 4745
1485380701, 286.725, 286.725, 286.725, 4678
1485381602, 286.725, 286.725, 286.725, 4807
1485382501, 286.725, 286.725, 286.725, 4766
1485383401, 286.725, 286.725, 286.725, 4854
1485384301, 281.77, 281.77, 281.77, 4693
1485385201, 281.77, 281.77, 281.77, 4526
1485386101, 281.77, 281.77, 281.77, 4244
1485387001, 281.77, 281.77, 281.77, 4004
1485387901, 281.77, 281.77, 281.77, 3788
1485388801, 281.77, 281.77, 281.77, 3371
1485389701, 281.77, 281.77, 281.77, 3119
1485390602, 281.77, 281.77, 281.77, 2933
1485391502, 281.77, 281.77, 281.77, 2785
1485392401, 281.77, 281.77, 281.77, 2739
1485393301, 281.77, 281.77, 281.77, 2714
1485394202, 281.77, 281.77, 281.77, 2710
1485395101, 281.538, 281.538, 281.538, 2768
1485396001, 281.538, 281.538, 281.538, 2730
1485399601, 281.538, 281.538, 281.538, 2674
1485403201, 281.538, 281.538, 281.538, 2666
1485406801, 282.786, 282.786, 282.786, 2642
1485410401, 285.15, 281.19, 277.15, 2648
1485414001, 282.786, 282.786, 282.786, 2633
1485417602, 282.582, 282.582, 282.582, 2645
1485421201, 278.15, 278.15, 278.15, 2526
1485424801, 282.582, 282.582, 282.582, 2592
1485428405, 279.15, 279.15, 279.15, 3399
1485429301, 283.266, 283.266, 283.266, 3964
1485430201, 283.266, 283.266, 283.266, 3986
1485431101, 283.266, 283.266, 283.266, 4401
1485432001, 287.15, 282.83, 279.15, 4660
1485432901, 283.266, 283.266, 283.266, 4849
1485433802, 283.266, 283.266, 283.266, 4898
1485434701, 283.266, 283.266, 283.266, 5060
1485435602, 283.266, 283.266, 283.266, 4676
1485436501, 283.266, 283.266, 283.266, 4417
1485437401, 283.266, 283.266, 283.266, 3973
1485438301, 286.772, 286.772, 286.772, 3867
1485439201, 286.772, 286.772, 286.772, 3633
1485440101, 286.772, 286.772, 286.772, 3488
1485441002, 286.772, 286.772, 286.772, 3590
1485441901, 286.772, 286.772, 286.772, 3188
1485442801, 286.772, 286.772, 286.772, 3055
1485443702, 284.729, 284.729, 284.729, 2987
1485444601, 284.729, 284.729, 284.729, 2772
1485445501, 284.729, 284.729, 284.729, 2758
1485446401, 284.729, 284.729, 284.729, 2772
1485450001, 285.127, 285.127, 285.127, 2782
1485453601, 285.127, 285.127, 285.127, 2765
1485457201, 285.127, 285.127, 285.127, 3032
1485460801, 281.558, 281.558, 281.558, 3858
1485461701, 281.558, 281.558, 281.558, 4379
1485462601, 281.558, 281.558, 281.558, 4409
1485463501, 281.558, 281.558, 281.558, 4459
1485464401, 281.558, 281.558, 281.558, 4538
1485465301, 281.558, 281.558, 281.558, 4595
1485466201, 281.558, 281.558, 281.558, 4645
1485467101, 281.558, 281.558, 281.558, 4548
1485468001, 281.558, 281.558, 281.558, 4686
1485468901, 281.558, 281.558, 281.558, 4698
1485469801, 281.558, 281.558, 281.558, 4542
1485470702, 278.511, 278.511, 278.511, 4443
1485471601, 278.511, 278.511, 278.511, 4117
1485472501, 278.511, 278.511, 278.511, 3929
1485473402, 278.511, 278.511, 278.511, 3699
1485474301, 278.511, 278.511, 278.511, 3277
1485475201, 278.511, 278.511, 278.511, 2960
1485476102, 278.511, 278.511, 278.511, 2835
1485477001, 278.511, 278.511, 278.511, 2819
1485477901, 278.511, 278.511, 278.511, 2923
1485478801, 278.511, 278.511, 278.511, 2730
1485479701, 278.511, 278.511, 278.511, 2736
1485480601, 277.721, 277.721, 277.721, 2719
1485481502, 277.721, 277.721, 277.721, 2701
1485482401, 277.721, 277.721, 277.721, 2708
1485486001, 277.721, 277.721, 277.721, 2700
1485489601, 277.721, 277.721, 277.721, 2650
1485493202, 276.588, 276.588, 276.588, 2618
1485496801, 276.588, 276.588, 276.588, 2631
1485500401, 276.588, 276.588, 276.588, 2622
1485504002, 275.346, 275.346, 275.346, 2624
1485507601, 275.346, 275.346, 275.346, 2554
1485511201, 275.346, 275.346, 275.346, 2569
1485514801, 273.853, 273.853, 273.853, 2920
1485515703, 273.853, 273.853, 273.853, 3166
1485516601, 273.853, 273.853, 273.853, 3234
1485517501, 273.853, 273.853, 273.853, 3346
1485518401, 278.15, 276.65, 275.15, 3436
1485519301, 273.853, 273.853, 273.853, 3439
1485520201, 273.853, 273.853, 273.853, 3497
1485521101, 273.853, 273.853, 273.853, 3375
1485522002, 273.853, 273.853, 273.853, 3236
1485522901, 273.853, 273.853, 273.853, 3234
1485523802, 273.853, 273.853, 273.853, 3217
1485524701, 277.467, 277.467, 277.467, 3096
1485525601, 276.15, 276.15, 276.15, 2990
1485526502, 278.15, 276.69, 275.15, 2922
1485527401, 279.15, 277.33, 276.15, 2970
1485528301, 278.15, 277.79, 277.15, 2827
1485529201, 278.15, 277.79, 277.15, 2781
1485530101, 278.15, 277.57, 276.15, 2755
1485531001, 279.15, 277.82, 276.15, 2755
1485531903, 279.15, 278.06, 277.15, 2804
1485532801, 279.15, 278.24, 277.15, 2818
1485536401, 280.15, 278.61, 277.15, 2743
1485540001, 279.15, 278.35, 277.15, 2884
1485543601, 280.15, 278.6, 277.15, 2992
1485547201, 279.15, 278.49, 277.15, 3638
1485548102, 278.15, 277.09, 276.15, 3588
1485549001, 279.15, 278.23, 277.15, 3698
1485549901, 277.373, 277.373, 277.373, 3867
1485550801, 277.373, 277.373, 277.373, 3819
1485551701, 277.373, 277.373, 277.373, 3872
1485552601, 277.373, 277.373, 277.373, 3950
1485553501, 277.373, 277.373, 277.373, 4015
1485554401, 277.373, 277.373, 277.373, 4003
1485555301, 277.373, 277.373, 277.373, 3996
1485556201, 277.373, 277.373, 277.373, 3873
1485557102, 274.388, 274.388, 274.388, 3845
1485558001, 274.388, 274.388, 274.388, 3780
1485558901, 274.388, 274.388, 274.388, 3536
1485559801, 274.388, 274.388, 274.388, 3382
1485560701, 274.388, 274.388, 274.388, 3244
1485561601, 274.388, 274.388, 274.388, 3000
1485562501, 274.388, 274.388, 274.388, 2859
1485563401, 274.388, 274.388, 274.388, 2811
1485564301, 274.388, 274.388, 274.388, 2807
1485565201, 274.388, 274.388, 274.388, 2789
1485566101, 274.388, 274.388, 274.388, 2757
1485567001, 274.388, 274.388, 274.388, 2713
1485567901, 272.608, 272.608, 272.608, 2743
1485568802, 272.608, 272.608, 272.608, 2732
1485572401, 272.608, 272.608, 272.608, 2686
1485576001, 272.608, 272.608, 272.608, 2695
1485579601, 271.378, 271.378, 271.378, 2656
1485583201, 275.15, 274.74, 274.15, 2630
1485586801, 275.15, 274.62, 274.15, 2614
1485590401, 275.15, 274.57, 273.15, 2587
1485594001, 270.425, 270.425, 270.425, 2614
1485597601, 274.15, 274.15, 274.15, 2564
1485601201, 269.445, 269.445, 269.445, 2586
1485602103, 269.445, 269.445, 269.445, 2603
1485603001, 269.445, 269.445, 269.445, 2600
1485603901, 269.445, 269.445, 269.445, 2603
1485604801, 269.445, 269.445, 269.445, 2598
1485605701, 269.445, 269.445, 269.445, 2622
1485606601, 269.445, 269.445, 269.445, 2621
1485607501, 269.445, 269.445, 269.445, 2636
1485608401, 269.445, 269.445, 269.445, 2636
1485609301, 269.445, 269.445, 269.445, 2636
1485610201, 269.445, 269.445, 269.445, 2632
1485611101, 275.337, 275.337, 275.337, 2685
1485612001, 275.337, 275.337, 275.337, 2675
1485612901, 275.337, 275.337, 275.337, 2708
1485613802, 275.337, 275.337, 275.337, 2726
1485614701, 275.337, 275.337, 275.337, 2702
1485615601, 275.104, 275.104, 275.104, 2716
1485616502, 275.104, 275.104, 275.104, 2743
1485617401, 275.104, 275.104, 275.104, 2756
1485618301, 275.104, 275.104, 275.104, 2830
1485619201, 275.104, 275.104, 275.104, 2762
1485622803, 279.889, 279.889, 279.889, 2895
1485626401, 279.889, 279.889, 279.889, 2851
1485630001, 279.889, 279.889, 279.889, 2989
1485633601, 280.089, 280.089, 280.089, 3031
1485634501, 280.089, 280.089, 280.089, 3146
1485635401, 280.089, 280.089, 280.089, 3063
1485636301, 280.089, 280.089, 280.089, 3010
1485637201, 280.089, 280.089, 280.089, 3064
1485638101, 280.089, 280.089, 280.089, 3120
1485639001, 280.089, 280.089, 280.089, 3139
1485639901, 280.089, 280.089, 280.089, 3299
1485640801, 280.089, 280.089, 280.089, 3289
1485641701, 280.089, 280.089, 280.089, 3258
1485642601, 280.089, 280.089, 280.089, 3154
1485643502, 274.807, 274.807, 274.807, 3138
1485644401, 274.807, 274.807, 274.807, 3084
1485645301, 274.807, 274.807, 274.807, 3015
1485646202, 274.807, 274.807, 274.807, 3038
1485647101, 274.807, 274.807, 274.807, 2931
1485648002, 281.15, 278, 275.15, 3038
1485648902, 274.807, 274.807, 274.807, 3070
1485649801, 274.807, 274.807, 274.807, 2807
1485650701, 274.807, 274.807, 274.807, 2756
1485651601, 274.807, 274.807, 274.807, 2762
1485652501, 274.807, 274.807, 274.807, 2748
1485653402, 274.807, 274.807, 274.807, 2723
1485654301, 271.393, 271.393, 271.393, 2723
1485655201, 271.393, 271.393, 271.393, 2706
1485658801, 271.393, 271.393, 271.393, 2721
1485662401, 271.393, 271.393, 271.393, 2699
1485666001, 268.527, 268.527, 268.527, 2669
1485669601, 268.527, 268.527, 268.527, 2661
1485673201, 268.527, 268.527, 268.527, 2634
1485676801, 268.491, 268.491, 268.491, 2636
1485680401, 268.491, 268.491, 268.491, 2614
1485684001, 268.491, 268.491, 268.491, 2536
1485687601, 267.057, 267.057, 267.057, 2538
1485688503, 267.057, 267.057, 267.057, 2526
1485689401, 267.057, 267.057, 267.057, 2537
1485690301, 267.057, 267.057, 267.057, 2552
1485691201, 267.057, 267.057, 267.057, 2568
1485692101, 267.057, 267.057, 267.057, 2591
1485693001, 267.057, 267.057, 267.057, 2559
1485693901, 267.057, 267.057, 267.057, 2558
1485694801, 267.057, 267.057, 267.057, 2554
1485695701, 267.057, 267.057, 267.057, 2587
1485696601, 267.057, 267.057, 267.057, 2622
1485697501, 276.946, 276.946, 276.946, 2641
1485698401, 276.946, 276.946, 276.946, 2614
1485699301, 276.946, 276.946, 276.946, 2631
1485700201, 276.946, 276.946, 276.946, 2652
1485701101, 276.946, 276.946, 276.946, 2638
1485702001, 275.712, 275.712, 275.712, 2646
1485702901, 275.712, 275.712, 275.712, 2674
1485703801, 275.712, 275.712, 275.712, 2694
1485704701, 275.712, 275.712, 275.712, 2690
1485705601, 275.712, 275.712, 275.712, 2686
1485709201, 278.896, 278.896, 278.896, 2743
1485712801, 278.896, 278.896, 278.896, 2791
1485716401, 278.896, 278.896, 278.896, 2818
1485720001, 278.427, 278.427, 278.427, 2880
1485720901, 278.427, 278.427, 278.427, 2845
1485721801, 278.427, 278.427, 278.427, 2812
1485722702, 278.427, 278.427, 278.427, 2842
1485723601, 278.427, 278.427, 278.427, 2826
1485724501, 278.427, 278.427, 278.427, 2836
1485725403, 278.427, 278.427, 278.427, 2824
1485726301, 278.427, 278.427, 278.427, 2894
1485727202, 278.427, 278.427, 278.427, 2883
1485728101, 278.427, 278.427, 278.427, 2875
1485729002, 278.427, 278.427, 278.427, 2872
1485729901, 275.397, 275.397, 275.397, 2914
1485730801, 275.397, 275.397, 275.397, 2929
1485731702, 275.397, 275.397, 275.397, 2872
1485732601, 275.397, 275.397, 275.397, 2848
1485733501, 275.397, 275.397, 275.397, 2839
1485734402, 275.397, 275.397, 275.397, 2804
1485735302, 275.397, 275.397, 275.397, 2815
1485736201, 275.397, 275.397, 275.397, 2792
1485737101, 275.397, 275.397, 275.397, 2776
1485738002, 275.397, 275.397, 275.397, 2763
1485738901, 275.397, 275.397, 275.397, 2709
1485739801, 275.397, 275.397, 275.397, 2689
1485740702, 272.847, 272.847, 272.847, 2670
1485741601, 272.847, 272.847, 272.847, 2707
1485745201, 272.847, 272.847, 272.847, 2656
1485748801, 272.847, 272.847, 272.847, 2669
1485752401, 272.412, 272.412, 272.412, 2616
1485756001, 272.412, 272.412, 272.412, 2627
1485759601, 272.412, 272.412, 272.412, 2652
1485763201, 271.602, 271.602, 271.602, 2740
1485766802, 274.15, 273.15, 272.15, 2630
1485770402, 274.15, 272.88, 272.15, 2645
1485774901, 274.15, 272.7, 271.15, 3504
1485775801, 273.15, 272.32, 271.15, 3604
1485776701, 273.15, 272.06, 270.15, 3708
1485777601, 273.15, 272.42, 271.15, 3896
1485778501, 273.15, 272.61, 271.15, 3984
1485779401, 274.15, 272.69, 271.15, 4001
1485780301, 274.15, 272.64, 271.15, 3927
1485781201, 274.15, 272.61, 271.15, 3640
1485782102, 274.15, 272.61, 271.15, 3472
1485783001, 274.15, 272.71, 271.15, 3487
1485783901, 274.15, 272.59, 271.15, 3311
1485784801, 274.15, 272.79, 271.15, 3265
1485785701, 274.15, 272.79, 271.15, 3144
1485786601, 274.15, 272.79, 271.15, 3002
1485787501, 274.15, 272.37, 270.15, 2851
1485788401, 274.15, 272.37, 270.15, 2784
1485789302, 274.15, 272.36, 270.15, 2746
1485790201, 274.15, 273.23, 272.15, 2729
1485791101, 272.15, 272.15, 272.15, 2730
1485792001, 272.731, 272.731, 272.731, 2744
1485795601, 276.15, 274.65, 273.15, 2704
1485799201, 274.695, 274.695, 274.695, 2739
1485802801, 274.695, 274.695, 274.695, 2839
1485806401, 273.436, 273.436, 273.436, 3056
1485807301, 273.436, 273.436, 273.436, 3217
1485808202, 273.436, 273.436, 273.436, 3174
1485809101, 273.436, 273.436, 273.436, 3099
1485810001, 273.436, 273.436, 273.436, 3316
1485810902, 273.436, 273.436, 273.436, 3410
1485811801, 273.436, 273.436, 273.436, 3551
1485812702, 273.436, 273.436, 273.436, 3625
1485813601, 273.436, 273.436, 273.436, 3488
1485814501, 273.436, 273.436, 273.436, 3381
1485815401, 273.436, 273.436, 273.436, 3505
1485816301, 270.323, 270.323, 270.323, 3539
1485817202, 270.323, 270.323, 270.323, 3325
1485818101, 270.323, 270.323, 270.323, 3139
1485819001, 270.323, 270.323, 270.323, 3033
1485819901, 270.323, 270.323, 270.323, 2940
1485820801, 270.323, 270.323, 270.323, 2810
1485821701, 270.323, 270.323, 270.323, 2745
1485822601, 270.323, 270.323, 270.323, 2735
1485823501, 270.323, 270.323, 270.323, 2720
1485824401, 270.323, 270.323, 270.323, 2702
1485825301, 270.323, 270.323, 270.323, 2700
1485826201, 270.323, 270.323, 270.323, 2697
1485827102, 267.145, 267.145, 267.145, 2687
1485828001, 267.145, 267.145, 267.145, 2691
1485831601, 267.145, 267.145, 267.145, 2645
1485835201, 267.145, 267.145, 267.145, 2636
1485838801, 272.15, 269.39, 267.15, 2626
1485842401, 270.15, 268.33, 265.15, 2644
1485846001, 271.15, 268.24, 267.15, 2615
1485849601, 272.15, 270.06, 268.15, 2589
1485853201, 273.15, 270.9, 269.15, 2547
1485856801, 273.15, 271.6, 270.15, 2557
1485860401, 274.15, 272.23, 270.15, 3458
1485861303, 274.15, 272.32, 270.15, 3715
1485862201, 274.15, 272.32, 270.15, 3898
1485863101, 274.15, 272.48, 270.15, 4140
1485864001, 274.15, 272.48, 270.15, 4144
1485864902, 274.15, 272.48, 271.15, 4277
1485865801, 274.15, 272.65, 271.15, 4450
1485866701, 274.15, 272.74, 271.15, 4404
1485867601, 274.15, 272.73, 271.15, 4211
1485868501, 274.15, 272.82, 271.15, 3915
1485869401, 274.15, 272.82, 271.15, 3751
1485870301, 274.15, 272.79, 271.15, 3496
1485871202, 275.15, 273.15, 271.15, 3306
1485872101, 275.15, 273.42, 272.15, 3177
1485873001, 275.15, 273.6, 272.15, 3129
1485873901, 275.15, 274.06, 273.15, 2882
1485874802, 275.15, 274.06, 273.15, 2764
1485875701, 275.15, 274.15, 273.15, 2739
1485876601, 276.15, 274.61, 273.15, 2735
1485877501, 276.15, 274.61, 273.15, 2709
1485878401, 277.15, 275.24, 273.15, 2747
1485882001, 278.15, 276.81, 275.15, 2745
1485885601, 279.15, 278.16, 277.15, 2752
1485889201, 280.15, 279.62, 279.15, 2897
1485892801, 286.15, 283.95, 281.15, 3449
1485893701, 286.15, 284.09, 282.15, 3574
1485894602, 288.15, 284.64, 282.15, 3684
1485895501, 288.15, 286.05, 284.15, 3990
1485896401, 288.15, 286.17, 284.15, 3997
1485897301, 288.15, 286.23, 283.15, 3959
1485898201, 288.15, 286.24, 283.15, 3930
1485899101, 288.15, 286.49, 283.15, 4123
1485900001, 288.15, 286.49, 283.15, 4403
1485900901, 288.15, 286.42, 285.15, 4577
1485901801, 288.15, 286.42, 285.15, 4660
1485902701, 288.15, 286.79, 285.15, 4490
1485903602, 288.15, 285.98, 283.15, 4605
1485904501, 288.15, 285.24, 282.15, 4139
1485905401, 287.15, 284.6, 282.15, 3700
1485906301, 288.15, 284.58, 281.15, 3449
1485907201, 287.15, 283.82, 281.15, 3312
1485908101, 287.15, 283.74, 280.15, 3048
1485909001, 287.15, 283.41, 280.15, 2877
1485909901, 286.15, 282.32, 278.15, 2812
1485910801, 286.15, 281.26, 277.15, 2765
1485911701, 286.15, 281.16, 277.15, 2724
1485912602, 286.15, 281.08, 277.15, 2700
1485913501, 286.15, 280.5, 276.15, 2680
1485914401, 286.15, 280.25, 276.15, 2685
1485918001, 283.15, 277.8, 274.15, 2671
1485921601, 282.15, 277.58, 274.15, 2669
1485925201, 278.15, 275.74, 273.15, 2627
1485928801, 278.15, 274.6, 273.15, 2659
1485932401, 276.15, 273.7, 272.15, 2656
1485936001, 276.15, 273.88, 271.15, 2635
1485939601, 279.15, 274.65, 271.15, 2530
1485943201, 282.15, 275.89, 271.15, 2570
1485946801, 281.15, 275.15, 271.15, 3482
1485947703, 281.15, 274.81, 271.15, 3714
1485948601, 281.15, 274.99, 271.15, 3824
1485949501, 280.15, 274.9, 271.15, 4072
1485950401, 280.15, 274.98, 271.15, 4143
1485951301, 278.15, 274.15, 271.15, 4229
1485952202, 281.15, 274.98, 271.15, 4339
1485953101, 281.15, 274.98, 271.15, 4643
1485954001, 279.15, 274.16, 270.15, 4379
1485954901, 279.15, 274.15, 270.15, 4183
1485955801, 279.15, 274.15, 270.15, 3887
1485956701, 282.15, 275.18, 270.15, 4082
1485957601, 282.15, 275.18, 270.15, 3928
1485958501, 282.15, 275.77, 270.15, 3693
1485959401, 279.15, 275.31, 272.15, 3704
1485960301, 281.15, 277.15, 274.15, 3466
1485961201, 281.15, 277.15, 274.15, 3217
1485962101, 282.15, 277.64, 274.15, 3144
1485963001, 282.15, 277.88, 274.15, 2873
1485963902, 282.15, 278.35, 274.15, 2743
1485964801, 283.15, 279.57, 277.15, 2769
1485968401, 283.15, 279.97, 278.15, 2736
1485972001, 284.15, 280.8, 279.15, 2747
1485975601, 284.15, 281.47, 280.15, 2868
1485979201, 285.15, 282.48, 280.15, 3139
1485980102, 285.15, 282.31, 280.15, 3362
1485981002, 285.15, 281.84, 280.15, 3465
1485981903, 282.15, 281.04, 280.15, 3803
1485982801, 287.15, 285.2, 282.15, 4097
1485983701, 287.15, 284.02, 281.15, 4246
1485984601, 287.15, 283.52, 281.15, 4519
1485985501, 282.15, 281.59, 281.15, 4534
1485986401, 282.15, 282.15, 282.15, 4811
1485987302, 282.15, 281.68, 281.15, 4649
1485988201, 281.15, 281.15, 281.15, 4527
1485989102, 282.15, 281.59, 281.15, 4464
1485990001, 282.15, 282.15, 282.15, 4473
1485990902, 287.15, 284.18, 281.15, 4172
1485991801, 287.15, 283.74, 280.15, 3961
1485992701, 281.15, 280.63, 280.15, 3670
1485993601, 278.6, 278.6, 278.6, 3494
1485994501, 282.15, 281.62, 281.15, 3244
1485995401, 286.15, 282.34, 280.15, 2961
1485996301, 282.15, 281.26, 280.15, 2779
1485997201, 282.15, 281.09, 280.15, 2731
1485998101, 283.15, 281.26, 279.15, 2733
1485999002, 283.15, 280.98, 279.15, 2713
1485999901, 281.15, 280.65, 280.15, 2729
1486000801, 282.15, 280.36, 279.15, 2731
1486004401, 282.15, 279.97, 278.15, 2672
1486008001, 281.15, 279.57, 278.15, 2670
1486011601, 280.15, 279.15, 278.15, 2668
1486015201, 280.15, 278.82, 277.15, 2645
1486018803, 280.15, 278.57, 277.15, 2683
1486022401, 280.15, 278.24, 276.15, 2653
1486026001, 279.15, 277.48, 276.15, 2540
1486029601, 278.15, 276.79, 275.15, 2582
1486033201, 278.15, 276.06, 274.15, 3312
1486034104, 278.15, 276.06, 274.15, 3596
1486035002, 278.15, 275.97, 274.15, 3946
1486035901, 277.15, 275.79, 274.15, 4039
1486036801, 277.15, 275.7, 274.15, 4240
1486037701, 278.15, 276.06, 274.15, 4399
1486038601, 278.15, 275.57, 273.15, 4382
1486039501, 276.15, 274.97, 273.15, 4433
1486040402, 276.15, 274.97, 273.15, 4334
1486041302, 276.15, 274.79, 273.15, 4108
1486042202, 278.15, 274.98, 272.15, 3870
1486043101, 278.15, 274.98, 272.15, 3815
1486044001, 278.15, 275.48, 272.15, 3669
1486044901, 279.15, 275.87, 274.15, 3415
1486045801, 280.15, 278.24, 276.15, 3149
1486046701, 280.15, 278.24, 276.15, 2973
1486047601, 280.15, 278.24, 276.15, 2866
1486048501, 280.15, 278.23, 276.15, 2751
1486049401, 280.15, 278.78, 277.15, 2725
1486050301, 280.15, 278.93, 277.15, 2741
1486051201, 280.15, 279.26, 278.15, 2738
1486054801, 281.15, 280.15, 279.15, 2856
1486058401, 282.15, 280.6, 279.15, 2755
1486062001, 282.15, 280.91, 280.15, 2975
1486065602, 284.15, 282.53, 280.15, 3765
1486066502, 284.15, 282.18, 280.15, 3971
1486067401, 285.15, 282.65, 280.15, 4010
1486068301, 285.15, 282.91, 280.15, 4182
1486069201, 284.15, 282.6, 280.15, 4280
1486070101, 282.15, 281.36, 280.15, 4630
1486071001, 285.15, 282.73, 280.15, 5094
1486071901, 285.15, 282.85, 280.15, 4884
1486072801, 285.15, 282.84, 280.15, 4745
1486073701, 285.15, 282.49, 279.15, 4860
1486074601, 285.15, 282.31, 279.15, 4774
1486075501, 285.15, 282.82, 280.15, 4406
1486076401, 284.15, 281.29, 279.15, 4211
1486077301, 284.15, 281.29, 279.15, 4161
1486078201, 281.15, 279.58, 277.15, 3868
1486079101, 283.15, 280.2, 277.15, 3764
1486080002, 282.15, 279.39, 277.15, 3463
1486080902, 282.15, 279.39, 277.15, 3162
1486081802, 281.15, 278.99, 276.15, 2871
1486082701, 281.15, 278.76, 276.15, 2761
1486083601, 281.15, 278.28, 276.15, 2763
1486084501, 279.15, 277.74, 275.15, 2740
1486085402, 279.15, 277.74, 275.15, 2721
1486086301, 279.15, 276.72, 275.15, 2714
1486087201, 279.15, 276.72, 275.15, 2734
1486090801, 278.15, 276.4, 274.15, 2675
1486094401, 277.15, 275.7, 273.15, 2660
1486098001, 277.15, 275.52, 273.15, 2645
1486101601, 276.15, 274.88, 273.15, 2664
1486105201, 276.15, 274.49, 272.15, 2618
1486108802, 275.15, 274.34, 273.15, 2617
1486112401, 275.15, 274.06, 273.15, 2533
1486568701, 290.934, 290.934, 290.934, 2869
1486569601, 290.934, 290.934, 290.934, 2934
1486573201, 290.765, 290.765, 290.765, 2813
1486576801, 290.765, 290.765, 290.765, 2905
1486580401, 290.765, 290.765, 290.765, 2931
1486584001, 289.19, 289.19, 289.19, 3644
1486584901, 289.19, 289.19, 289.19, 3803
1486585801, 289.19, 289.19, 289.19, 3993
1486586701, 289.19, 289.19, 289.19, 4197
1486587601, 289.19, 289.19, 289.19, 4420
1486588502, 289.19, 289.19, 289.19, 4644
1486589402, 289.19, 289.19, 289.19, 4720
1486590301, 289.19, 289.19, 289.19, 4528
1486591201, 289.19, 289.19, 289.19, 4597
1486592102, 289.19, 289.19, 289.19, 4543
1486593002, 289.19, 289.19, 289.19, 4441
1486593902, 283.803, 283.803, 283.803, 4418
1486594801, 283.803, 283.803, 283.803, 4068
1486595701, 283.803, 283.803, 283.803, 4012
1486596601, 283.803, 283.803, 283.803, 3747
1486597501, 283.803, 283.803, 283.803, 3527
1486598401, 283.803, 283.803, 283.803, 3169
1486599301, 283.803, 283.803, 283.803, 2993
1486600201, 283.803, 283.803, 283.803, 2793
1486601101, 283.803, 283.803, 283.803, 2757
1486602001, 283.803, 283.803, 283.803, 2724
1486602901, 283.803, 283.803, 283.803, 2715
1486603801, 283.803, 283.803, 283.803, 2731
1486604701, 281.159, 281.159, 281.159, 2704
1486605601, 281.159, 281.159, 281.159, 2695
1486609201, 281.159, 281.159, 281.159, 2658
1486612801, 281.159, 281.159, 281.159, 2648
1486616401, 279.347, 279.347, 279.347, 2680
1486620001, 279.347, 279.347, 279.347, 2628
1486623601, 279.347, 279.347, 279.347, 2658
1486627201, 274.908, 274.908, 274.908, 2618
1486630801, 274.908, 274.908, 274.908, 2606
1486634401, 274.908, 274.908, 274.908, 2668
1486638002, 271.737, 271.737, 271.737, 3488
1486638902, 271.737, 271.737, 271.737, 3718
1486639801, 271.737, 271.737, 271.737, 3874
1486640701, 271.737, 271.737, 271.737, 4044
1486641601, 271.737, 271.737, 271.737, 4212
1486642501, 271.737, 271.737, 271.737, 4294
1486643401, 271.737, 271.737, 271.737, 4512
1486644303, 271.737, 271.737, 271.737, 4421
1486645201, 271.737, 271.737, 271.737, 4210
1486646101, 271.737, 271.737, 271.737, 4134
1486647001, 271.737, 271.737, 271.737, 3846
1486647901, 271.783, 271.783, 271.783, 3771
1486648802, 271.783, 271.783, 271.783, 3608
1486649701, 271.783, 271.783, 271.783, 3469
1486650601, 271.783, 271.783, 271.783, 3257
1486651501, 271.783, 271.783, 271.783, 2954
1486652402, 271.783, 271.783, 271.783, 2802
1486653302, 274.52, 274.52, 274.52, 2748
1486654201, 274.52, 274.52, 274.52, 2751
1486655102, 274.52, 274.52, 274.52, 2779
1486656001, 274.52, 274.52, 274.52, 2765
1486659601, 274.636, 274.636, 274.636, 2759
1486663201, 274.636, 274.636, 274.636, 2781
1486666801, 274.636, 274.636, 274.636, 3027
1486670401, 272.114, 272.114, 272.114, 3746
1486671302, 272.114, 272.114, 272.114, 3737
1486672201, 272.114, 272.114, 272.114, 3533
1486673101, 272.114, 272.114, 272.114, 3434
1486674001, 272.114, 272.114, 272.114, 3634
1486674901, 272.114, 272.114, 272.114, 3894
1486675801, 272.114, 272.114, 272.114, 3948
1486676702, 272.114, 272.114, 272.114, 4076
1486677601, 272.114, 272.114, 272.114, 4115
1486678501, 272.114, 272.114, 272.114, 4022
1486679402, 272.114, 272.114, 272.114, 4041
1486680302, 269.783, 269.783, 269.783, 3818
1486681202, 269.783, 269.783, 269.783, 3572
1486682102, 269.783, 269.783, 269.783, 3494
1486683001, 269.783, 269.783, 269.783, 3331
1486683901, 269.783, 269.783, 269.783, 3123
1486684801, 269.783, 269.783, 269.783, 2930
1486685701, 269.783, 269.783, 269.783, 2833
1486686601, 269.783, 269.783, 269.783, 2822
1486687501, 269.783, 269.783, 269.783, 2798
1486688401, 269.783, 269.783, 269.783, 2761
1486689301, 269.783, 269.783, 269.783, 2739
1486690201, 269.783, 269.783, 269.783, 2727
1486691101, 268.129, 268.129, 268.129, 2718
1486692001, 268.129, 268.129, 268.129, 2709
1486695601, 268.129, 268.129, 268.129, 2668
1486699202, 268.129, 268.129, 268.129, 2674
1486702801, 267.36, 267.36, 267.36, 2628
1486706401, 267.36, 267.36, 267.36, 2662
1486710001, 267.36, 267.36, 267.36, 2685
1486713601, 267.064, 267.064, 267.064, 2644
1486717201, 267.064, 267.064, 267.064, 2554
1486720801, 267.064, 267.064, 267.064, 2590
1486724401, 266.54, 266.54, 266.54, 2983
1486725301, 266.54, 266.54, 266.54, 2986
1486726201, 266.54, 266.54, 266.54, 3090
1486727101, 266.54, 266.54, 266.54, 3156
1486728001, 266.54, 266.54, 266.54, 3427
1486728901, 266.54, 266.54, 266.54, 3485
1486729801, 266.54, 266.54, 266.54, 3434
1486730702, 266.54, 266.54, 266.54, 3423
1486731601, 266.54, 266.54, 266.54, 3435
1486732502, 266.54, 266.54, 266.54, 3314
1486733401, 266.54, 266.54, 266.54, 3346
1486734301, 271.71, 271.71, 271.71, 3175
1486735201, 271.71, 271.71, 271.71, 3148
1486736102, 271.71, 271.71, 271.71, 3019
1486737001, 271.71, 271.71, 271.71, 3050
1486737901, 271.71, 271.71, 271.71, 2863
1486738801, 271.323, 271.323, 271.323, 2771
1486739701, 271.323, 271.323, 271.323, 2716
1486740601, 271.323, 271.323, 271.323, 2717
1486741501, 271.323, 271.323, 271.323, 2719
1486742401, 271.323, 271.323, 271.323, 2804
1486746002, 275.406, 275.406, 275.406, 2739
1486749601, 275.406, 275.406, 275.406, 2818
1486753201, 275.406, 275.406, 275.406, 2996
1486756801, 277.353, 277.353, 277.353, 3560
1486757701, 277.353, 277.353, 277.353, 3579
1486758601, 277.353, 277.353, 277.353, 3546
1486759501, 277.353, 277.353, 277.353, 3718
1486760402, 277.353, 277.353, 277.353, 3740
1486761302, 277.353, 277.353, 277.353, 3914
1486762202, 277.353, 277.353, 277.353, 4211
1486763101, 277.353, 277.353, 277.353, 4238
1486764001, 277.353, 277.353, 277.353, 3926
1486764901, 277.353, 277.353, 277.353, 3849
1486765801, 277.353, 277.353, 277.353, 3903
1486766701, 275.18, 275.18, 275.18, 3914
1486767604, 275.18, 275.18, 275.18, 3697
1486768501, 275.18, 275.18, 275.18, 3581
1486769401, 275.18, 275.18, 275.18, 3353
1486770301, 275.18, 275.18, 275.18, 3433
1486771201, 275.18, 275.18, 275.18, 2968
1486772101, 275.18, 275.18, 275.18, 2827
1486773001, 275.18, 275.18, 275.18, 2805
1486773901, 275.18, 275.18, 275.18, 2747
1486774801, 275.18, 275.18, 275.18, 2736
1486775702, 275.18, 275.18, 275.18, 2734
1486776601, 275.18, 275.18, 275.18, 2715
1486777501, 274.347, 274.347, 274.347, 2721
1486778401, 274.347, 274.347, 274.347, 2696
1486782001, 274.347, 274.347, 274.347, 2698
1486785602, 274.347, 274.347, 274.347, 2696
1486789201, 274.604, 274.604, 274.604, 2639
1486792801, 274.604, 274.604, 274.604, 2618
1486796401, 274.604, 274.604, 274.604, 2647
1486800001, 276.076, 276.076, 276.076, 2604
1486803601, 276.076, 276.076, 276.076, 2589
1486807201, 276.076, 276.076, 276.076, 2529
1486810802, 276.173, 276.173, 276.173, 2577
1486811701, 276.173, 276.173, 276.173, 2570
1486812601, 276.173, 276.173, 276.173, 2563
1486813501, 276.173, 276.173, 276.173, 2609
1486814401, 276.173, 276.173, 276.173, 2598
1486815302, 276.173, 276.173, 276.173, 2599
1486816201, 276.173, 276.173, 276.173, 2653
1486817102, 276.173, 276.173, 276.173, 2670
1486818001, 276.173, 276.173, 276.173, 2672
1486818901, 276.173, 276.173, 276.173, 2628
1486819801, 276.173, 276.173, 276.173, 2667
1486820701, 283.033, 283.033, 283.033, 2692
1486821601, 283.033, 283.033, 283.033, 2641
1486822501, 283.033, 283.033, 283.033, 2671
1486823401, 283.033, 283.033, 283.033, 2769
1486824301, 283.033, 283.033, 283.033, 2766
1486825201, 283.033, 283.033, 283.033, 2706
1486826101, 283.868, 283.868, 283.868, 2734
1486827001, 283.868, 283.868, 283.868, 2748
1486827901, 283.868, 283.868, 283.868, 2762
1486828801, 283.868, 283.868, 283.868, 2766
1486832402, 290.296, 290.296, 290.296, 2773
1486836001, 285.15, 283.06, 281.15, 2919
1486839601, 290.296, 290.296, 290.296, 2913
1486843201, 291.619, 291.619, 291.619, 2908
1486844101, 291.619, 291.619, 291.619, 2942
1486845001, 291.619, 291.619, 291.619, 2917
1486845901, 291.619, 291.619, 291.619, 2868
1486846801, 291.619, 291.619, 291.619, 2919
1486847701, 291.619, 291.619, 291.619, 2976
1486848601, 291.619, 291.619, 291.619, 2938
1486849501, 291.619, 291.619, 291.619, 2951
1486850401, 291.619, 291.619, 291.619, 2897
1486851301, 291.619, 291.619, 291.619, 2918
1486852201, 291.619, 291.619, 291.619, 2951
1486853101, 285.359, 285.359, 285.359, 2897
1486854001, 285.359, 285.359, 285.359, 2964
1486854901, 285.359, 285.359, 285.359, 2995
1486855802, 285.359, 285.359, 285.359, 2954
1486856701, 285.359, 285.359, 285.359, 2869
1486857601, 285.359, 285.359, 285.359, 3079
1486858501, 285.359, 285.359, 285.359, 3028
1486859402, 285.359, 285.359, 285.359, 2988
1486860302, 285.359, 285.359, 285.359, 2881
1486861201, 285.359, 285.359, 285.359, 2762
1486862101, 285.359, 285.359, 285.359, 2794
1486863001, 285.359, 285.359, 285.359, 2744
1486863901, 280.639, 280.639, 280.639, 2701
1486864801, 280.639, 280.639, 280.639, 2698
1486868401, 280.639, 280.639, 280.639, 2734
1486872002, 280.639, 280.639, 280.639, 2694
1486875602, 278.006, 278.006, 278.006, 2667
1486879201, 278.006, 278.006, 278.006, 2673
1486882802, 278.006, 278.006, 278.006, 2683
1486886401, 277.534, 277.534, 277.534, 2631
1486890001, 277.534, 277.534, 277.534, 2630
1486893601, 277.534, 277.534, 277.534, 2575
1486897201, 280.331, 280.331, 280.331, 2519
1486898102, 280.331, 280.331, 280.331, 2519
1486899001, 280.331, 280.331, 280.331, 2544
1486899901, 280.331, 280.331, 280.331, 2528
1486900801, 280.331, 280.331, 280.331, 2536
1486901701, 280.331, 280.331, 280.331, 2553
1486902601, 280.331, 280.331, 280.331, 2537
1486903501, 280.331, 280.331, 280.331, 2548
1486904401, 280.331, 280.331, 280.331, 2553
1486905301, 280.331, 280.331, 280.331, 2569
1486906201, 280.331, 280.331, 280.331, 2571
1486907101, 282.296, 282.296, 282.296, 2596
1486908002, 282.296, 282.296, 282.296, 2605
1486908901, 282.296, 282.296, 282.296, 2590
1486909801, 282.296, 282.296, 282.296, 2610
1486910701, 282.296, 282.296, 282.296, 2609
1486911601, 282.296, 282.296, 282.296, 2701
1486912502, 280.479, 280.479, 280.479, 2701
1486913401, 280.479, 280.479, 280.479, 2705
1486914301, 280.479, 280.479, 280.479, 2729
1486915201, 280.479, 280.479, 280.479, 2742
1486918803, 283.225, 283.225, 283.225, 2749
1486922401, 283.225, 283.225, 283.225, 2776
1486926001, 283.225, 283.225, 283.225, 2932
1486929601, 288.979, 288.979, 288.979, 3016
1486930501, 288.979, 288.979, 288.979, 2991
1486931401, 288.979, 288.979, 288.979, 2868
1486932301, 288.979, 288.979, 288.979, 2839
1486933202, 288.979, 288.979, 288.979, 2806
1486934101, 288.979, 288.979, 288.979, 2918
1486935001, 288.979, 288.979, 288.979, 2925
1486935901, 288.979, 288.979, 288.979, 2960
1486936802, 288.979, 288.979, 288.979, 2988
1486937701, 288.979, 288.979, 288.979, 2942
1486938602, 288.979, 288.979, 288.979, 2894
1486939501, 286.287, 286.287, 286.287, 2818
1486940401, 286.287, 286.287, 286.287, 2774
1486941301, 286.287, 286.287, 286.287, 2778
1486942201, 286.287, 286.287, 286.287, 2792
1486943101, 286.287, 286.287, 286.287, 2809
1486944002, 286.287, 286.287, 286.287, 2802
1486944901, 286.287, 286.287, 286.287, 2773
1486945801, 286.287, 286.287, 286.287, 2770
1486946701, 286.287, 286.287, 286.287, 2726
1486947601, 286.287, 286.287, 286.287, 2726
1486948501, 286.287, 286.287, 286.287, 2684
1486949401, 286.287, 286.287, 286.287, 2740
1486950301, 281.186, 281.186, 281.186, 2739
1486951201, 281.186, 281.186, 281.186, 2696
1486954801, 281.186, 281.186, 281.186, 2664
1486958401, 281.186, 281.186, 281.186, 2604
1486962001, 277.775, 277.775, 277.775, 2624
1486965602, 277.775, 277.775, 277.775, 2623
1486969201, 282.15, 280.32, 278.15, 2640
1486972801, 281.15, 279.49, 278.15, 2611
1486976402, 280.15, 278.57, 277.15, 2577
1486980001, 279.15, 277.62, 275.15, 2576
1486983602, 278.15, 276.9, 275.15, 3202
1486984501, 278.15, 276.91, 275.15, 3477
1486985402, 278.15, 276.54, 274.15, 3766
1486986301, 278.15, 276.35, 274.15, 3747
1486987201, 278.15, 276.15, 274.15, 3857
1486988101, 278.15, 276.16, 274.15, 3976
1486989001, 277.15, 275.91, 274.15, 4037
1486989901, 277.15, 275.66, 274.15, 4026
1486990801, 277.15, 275.92, 274.15, 4096
1486991701, 277.15, 275.92, 274.15, 3898
1486992601, 277.15, 276.32, 275.15, 3595
1486993501, 277.15, 276.32, 275.15, 3382
1486994401, 277.15, 276.25, 275.15, 3336
1486995301, 278.15, 276.65, 275.15, 3261
1486996201, 278.15, 276.74, 275.15, 3081
1486997101, 278.15, 277.05, 275.15, 2885
1486998001, 278.15, 277.05, 275.15, 2822
1486998901, 279.15, 277.57, 275.15, 2772
1486999801, 280.15, 277.92, 276.15, 2735
1487000701, 276.804, 276.804, 276.804, 2716
1487001601, 275.15, 275.15, 275.15, 2781
1487005201, 281.15, 279.15, 276.15, 2751
1487008801, 279.684, 279.684, 279.684, 2780
1487012401, 279.684, 279.684, 279.684, 2874
1487016001, 279.874, 279.874, 279.874, 3540
1487016901, 279.874, 279.874, 279.874, 3543
1487017801, 283.15, 281.65, 279.15, 3585
1487018701, 279.874, 279.874, 279.874, 3446
1487019601, 283.15, 281.65, 279.15, 3641
1487020502, 283.15, 281.57, 279.15, 3775
1487021401, 279.874, 279.874, 279.874, 3655
1487022301, 279.874, 279.874, 279.874, 4018
1487023201, 279.874, 279.874, 279.874, 4299
1487024102, 283.15, 281.15, 278.15, 3954
1487025002, 276.739, 276.739, 276.739, 3849
1487025901, 276.739, 276.739, 276.739, 3862
1487026801, 276.739, 276.739, 276.739, 3646
1487027701, 276.739, 276.739, 276.739, 3354
1487028601, 276.739, 276.739, 276.739, 3172
1487029501, 276.739, 276.739, 276.739, 3057
1487030401, 276.739, 276.739, 276.739, 2880
1487031301, 276.739, 276.739, 276.739, 2806
1487032202, 276.739, 276.739, 276.739, 2758
1487033101, 276.739, 276.739, 276.739, 2757
1487034001, 276.739, 276.739, 276.739, 2741
1487034901, 276.739, 276.739, 276.739, 2708
1487035801, 276.739, 276.739, 276.739, 2683
1487036701, 274.185, 274.185, 274.185, 2692
1487037601, 274.185, 274.185, 274.185, 2680
1487041201, 274.185, 274.185, 274.185, 2661
1487044802, 274.185, 274.185, 274.185, 2665
1487048401, 271.315, 271.315, 271.315, 2647
1487052001, 271.315, 271.315, 271.315, 2669
1487055601, 271.315, 271.315, 271.315, 2694
1487059201, 268.936, 268.936, 268.936, 2652
1487062802, 268.936, 268.936, 268.936, 2579
1487066403, 268.936, 268.936, 268.936, 2566
1487070002, 268.372, 268.372, 268.372, 3479
1487070901, 268.372, 268.372, 268.372, 3619
1487071801, 268.372, 268.372, 268.372, 3826
1487072702, 268.372, 268.372, 268.372, 3986
1487073601, 268.372, 268.372, 268.372, 4127
1487074501, 268.372, 268.372, 268.372, 4211
1487075402, 268.372, 268.372, 268.372, 4376
1487076302, 268.372, 268.372, 268.372, 4565
1487077201, 268.372, 268.372, 268.372, 4354
1487078101, 268.372, 268.372, 268.372, 4100
1487079001, 268.372, 268.372, 268.372, 3996
1487079901, 276.111, 276.111, 276.111, 3747
1487080801, 276.111, 276.111, 276.111, 3437
1487081702, 276.111, 276.111, 276.111, 3362
1487082601, 276.111, 276.111, 276.111, 3278
1487083501, 276.111, 276.111, 276.111, 2979
1487084401, 276.017, 276.017, 276.017, 2820
1487085301, 276.017, 276.017, 276.017, 2771
1487086201, 276.017, 276.017, 276.017, 2732
1487087102, 276.017, 276.017, 276.017, 2777
1487088001, 276.017, 276.017, 276.017, 2828
1487091601, 279.578, 279.578, 279.578, 3057
1487095202, 279.578, 279.578, 279.578, 2755
1487098801, 279.578, 279.578, 279.578, 2890
1487102401, 281.61, 281.61, 281.61, 3267
1487103302, 281.61, 281.61, 281.61, 3410
1487104201, 281.61, 281.61, 281.61, 3483
1487105101, 281.61, 281.61, 281.61, 3765
1487106001, 281.61, 281.61, 281.61, 3833
1487106901, 281.61, 281.61, 281.61, 4135
1487107802, 281.61, 281.61, 281.61, 4306
1487108702, 281.61, 281.61, 281.61, 4384
1487109601, 281.61, 281.61, 281.61, 4517
1487110502, 281.61, 281.61, 281.61, 4546
1487111401, 281.61, 281.61, 281.61, 4441
1487112301, 278.237, 278.237, 278.237, 4436
1487113201, 278.237, 278.237, 278.237, 4171
1487114101, 278.237, 278.237, 278.237, 3989
1487115001, 278.237, 278.237, 278.237, 3835
1487115901, 278.237, 278.237, 278.237, 3487
1487116801, 278.237, 278.237, 278.237, 3354
1487117701, 278.237, 278.237, 278.237, 2968
1487118601, 278.237, 278.237, 278.237, 2801
1487119501, 278.237, 278.237, 278.237, 2746
1487120401, 278.237, 278.237, 278.237, 2712
1487121301, 278.237, 278.237, 278.237, 2767
1487122201, 278.237, 278.237, 278.237, 2715
1487123101, 276.257, 276.257, 276.257, 2706
1487124001, 276.257, 276.257, 276.257, 2694
1487127601, 276.257, 276.257, 276.257, 2677
1487131201, 276.257, 276.257, 276.257, 2673
1487134801, 273.154, 273.154, 273.154, 2606
1487138401, 273.154, 273.154, 273.154, 2646
1487142003, 273.154, 273.154, 273.154, 2608
1487145602, 273.204, 273.204, 273.204, 2647
1487149201, 273.204, 273.204, 273.204, 2523
1487152801, 273.204, 273.204, 273.204, 2583
1487156401, 272.942, 272.942, 272.942, 3511
1487157301, 272.942, 272.942, 272.942, 3619
1487158201, 272.942, 272.942, 272.942, 3674
1487159101, 272.942, 272.942, 272.942, 4055
1487160002, 272.942, 272.942, 272.942, 4104
1487160901, 272.942, 272.942, 272.942, 4152
1487161801, 272.942, 272.942, 272.942, 4268
1487162701, 272.942, 272.942, 272.942, 4248
1487163602, 272.942, 272.942, 272.942, 4342
1487164501, 272.942, 272.942, 272.942, 4134
1487165401, 272.942, 272.942, 272.942, 3850
1487166301, 280.471, 280.471, 280.471, 3946
1487167201, 280.471, 280.471, 280.471, 4224
1487168101, 280.471, 280.471, 280.471, 4198
1487169001, 280.471, 280.471, 280.471, 3946
1487169902, 280.471, 280.471, 280.471, 3697
1487170801, 280.471, 280.471, 280.471, 3507
1487171702, 280.471, 280.471, 280.471, 3438
1487172601, 280.471, 280.471, 280.471, 3329
1487688302, 279.707, 279.707, 279.707, 3077
1487689201, 279.707, 279.707, 279.707, 2959
1487690101, 282.15, 280.14, 278.15, 2901
1487691001, 281.15, 280.97, 280.15, 2867
1487691901, 279.707, 279.707, 279.707, 2800
1487692802, 279.707, 279.707, 279.707, 2829
1487696401, 285.935, 285.935, 285.935, 3320
1487700003, 285.935, 285.935, 285.935, 3126
1487703601, 285.935, 285.935, 285.935, 2876
1487707202, 286.766, 286.766, 286.766, 3656
1487708101, 288.15, 286.69, 285.15, 3726
1487709001, 289.15, 286.99, 285.15, 3810
1487709901, 289.15, 286.99, 285.15, 3952
1487710801, 286.15, 285.83, 285.15, 4225
1487711701, 289.15, 286.84, 285.15, 4333
1487712601, 288.15, 286.61, 285.15, 4537
1487713501, 289.15, 286.45, 284.15, 4423
1487714401, 288.15, 286.22, 284.15, 4496
1487715301, 288.15, 286.22, 284.15, 4728
1487716201, 288.15, 285.92, 284.15, 4741
1487717101, 288.15, 285.92, 284.15, 4623
1487718001, 287.15, 285.46, 284.15, 4201
1487718901, 287.15, 285.46, 284.15, 4005
1487719801, 287.15, 285.24, 283.15, 3707
1487720702, 285.15, 284.32, 283.15, 3820
1487721602, 285.15, 284, 282.15, 3455
1487722501, 285.15, 283.38, 282.15, 3175
1487723401, 285.15, 283.31, 282.15, 2966
1487724301, 284.15, 282.46, 281.15, 2738
1487725201, 284.15, 282.46, 281.15, 2736
1487726102, 283.15, 282.07, 281.15, 2726
1487727001, 283.15, 281.9, 281.15, 2719
1487727901, 283.15, 281.61, 280.15, 2727
1487728802, 283.15, 281.69, 280.15, 2898
1487732401, 282.15, 281.15, 280.15, 2662
1487736001, 282.15, 281.23, 280.15, 2662
1487739601, 282.15, 281.15, 280.15, 2649
1487743201, 282.15, 281.07, 280.15, 2626
1487746801, 282.15, 280.76, 279.15, 2662
1487750401, 282.15, 280.69, 279.15, 2665
1487754003, 281.15, 280.33, 279.15, 2546
1487757601, 282.15, 280.61, 279.15, 2585
1487762101, 281.15, 280.31, 279.15, 3690
1487763002, 281.15, 280.31, 279.15, 3993
1487763901, 282.15, 280.76, 280.15, 4264
1487765701, 281.15, 280.48, 280.15, 4168
1487766601, 281.15, 280.48, 280.15, 4127
1487767501, 281.15, 280.53, 280.15, 4182
1487768401, 281.15, 280.54, 280.15, 4382
1487769301, 281.15, 280.48, 280.15, 4075
1487770202, 282.15, 281.07, 280.15, 3874
1487771101, 282.15, 281.07, 280.15, 3666
1487772001, 282.15, 281.31, 280.15, 3552
1487772901, 282.15, 281.31, 280.15, 3336
1487773801, 283.15, 281.81, 281.15, 3127
1487774701, 283.15, 282.15, 281.15, 2923
1487775601, 283.15, 282.3, 281.15, 2811
1487776501, 284.15, 282.68, 281.15, 2770
1487777401, 284.15, 282.98, 281.15, 2679
1487778301, 284.15, 283.65, 282.15, 2744
1487779201, 285.15, 284.31, 283.15, 2749
1487782801, 287.15, 285.14, 283.15, 2730
1487786402, 290.15, 287.8, 286.15, 2740
1487790001, 291.15, 289.65, 288.15, 2890
1487793601, 291.15, 290.31, 288.15, 3476
1487794501, 292.15, 290.48, 289.15, 3575
1487795401, 292.15, 290.56, 289.15, 3728
1487796301, 292.15, 290.56, 289.15, 3915
1487797201, 291.15, 290.48, 289.15, 4158
1487798101, 291.15, 290.65, 289.15, 4460
1487799001, 291.15, 290.65, 289.15, 4360
1487799901, 291.15, 290.56, 289.15, 4345
1487800801, 291.15, 290.4, 288.15, 4302
1487801701, 291.15, 290.4, 288.15, 4173
1487802602, 291.15, 289.9, 288.15, 4185
1487803501, 291.15, 289.9, 288.15, 4137
1487804401, 291.15, 288.84, 286.15, 3795
1487805302, 291.15, 288.84, 286.15, 3635
1487806201, 291.15, 288.62, 286.15, 3532
1487807101, 289.15, 287.84, 286.15, 3410
1487808001, 289.15, 287.69, 286.15, 3125
1487808901, 289.15, 287.38, 286.15, 2886
1487809801, 287.15, 286.07, 284.15, 2787
1487810701, 287.15, 286.07, 284.15, 2766
1487811601, 287.15, 286.15, 284.15, 2763
1487812502, 287.15, 285.65, 284.15, 2747
1487813401, 287.15, 285.4, 284.15, 2720
1487814301, 288.15, 285.61, 283.15, 2737
1487815201, 287.15, 285.22, 283.15, 2684
1487818801, 287.15, 285.08, 282.15, 2644
1487822401, 286.15, 285.07, 283.15, 2623
1487826002, 287.15, 285.4, 283.15, 2673
1487829602, 287.15, 285.66, 284.15, 2650
1487833201, 287.15, 285.69, 284.15, 2628
1487836801, 287.15, 285.77, 284.15, 2631
1487840401, 288.15, 285.69, 283.15, 2503
1487847601, 286.15, 284.54, 282.15, 3266
1487848502, 286.15, 284.54, 282.15, 3491
1487849402, 286.15, 283.92, 281.15, 3852
1487850301, 286.15, 283.92, 281.15, 4096
1487851201, 286.15, 283.93, 281.15, 4355
1487852101, 287.15, 284.23, 281.15, 4301
1487853002, 287.15, 284.31, 281.15, 4293
1487853901, 287.15, 284.62, 281.15, 4259
1487854802, 287.15, 284.62, 281.15, 4379
1487855701, 287.15, 284.84, 282.15, 4266
1487856601, 287.15, 285.48, 283.15, 3994
1487857501, 287.15, 285.54, 283.15, 3863
1487858401, 288.15, 286.14, 284.15, 3708
1487859301, 288.15, 286.29, 284.15, 3575
1487860201, 290.15, 288.15, 286.15, 3414
1487861101, 290.15, 288.15, 286.15, 3124
1487862001, 290.15, 288.15, 286.15, 2992
1487862901, 290.15, 288.81, 287.15, 2870
1487863801, 291.15, 290.4, 289.15, 2842
1487864701, 291.15, 290.4, 289.15, 2781
1487865601, 292.15, 290.48, 289.15, 2723
1487869201, 295.15, 293.3, 291.15, 2797
1487872801, 296.15, 294.81, 291.15, 2806
1487876401, 298.15, 296.48, 293.15, 3085
1487880001, 299.15, 297.23, 295.15, 3625
1487880901, 299.15, 297.23, 295.15, 3473
1487881801, 299.15, 297.48, 295.15, 3796
1487882701, 299.15, 297.48, 295.15, 3897
1487883601, 299.15, 297.57, 296.15, 4084
1487884501, 299.15, 297.57, 296.15, 4297
1487885403, 299.15, 297.49, 296.15, 4251
1487886301, 298.15, 297.23, 296.15, 4405
1487887201, 298.15, 297.23, 296.15, 4143
1487888101, 298.15, 297.15, 296.15, 4143
1487889001, 298.15, 297.08, 295.15, 4180
1487889902, 297.15, 296.48, 295.15, 3847
1487890801, 297.15, 296.4, 295.15, 3690
1487891701, 297.15, 295.66, 292.15, 3454
1487892602, 295.15, 294.48, 292.15, 3332
1487893501, 295.15, 294.48, 292.15, 3123
1487894401, 295.15, 294.07, 291.15, 3005
1487895301, 295.15, 294.08, 291.15, 2835
1487896201, 294.15, 292.9, 291.15, 2804
1487897101, 294.15, 292.9, 291.15, 2774
1487898001, 294.15, 292.82, 291.15, 2755
1487898901, 294.15, 292.41, 290.15, 2727
1487899801, 294.15, 292.33, 290.15, 2706
1487900701, 293.15, 291.07, 287.15, 2691
1487901602, 293.15, 291.06, 287.15, 2677
1487905201, 291.15, 290.23, 288.15, 2683
1487908801, 291.15, 289.98, 287.15, 2649
1487912402, 290.15, 287.99, 285.15, 2647
1487919601, 289.15, 286.54, 282.15, 2613
1487923202, 288.15, 285.93, 282.15, 2640
1487926801, 288.15, 285.31, 281.15, 2521
1487930401, 287.15, 284.61, 281.15, 2574
1487934001, 287.15, 283.93, 280.15, 3859
1487934901, 286.15, 283.61, 280.15, 3152
1487935802, 286.15, 283.61, 280.15, 3282
1487936701, 286.15, 283.77, 280.15, 3363
1487937602, 286.15, 283.84, 280.15, 3548
1487938501, 286.15, 283.84, 280.15, 3565
1487939401, 286.15, 284.15, 280.15, 3663
1487940301, 286.15, 284.15, 280.15, 3707
1487941201, 286.15, 284.66, 281.15, 3755
1487942101, 287.15, 284.84, 281.15, 3559
1487943001, 288.15, 287.07, 285.15, 3397
1487943901, 288.15, 287.07, 285.15, 3347
1487944801, 289.15, 287.99, 285.15, 3245
1487945701, 289.15, 287.99, 285.15, 3161
1487946601, 291.15, 288.28, 285.15, 3066
1487947502, 291.15, 290.07, 289.15, 2988
1487948401, 291.15, 290.31, 289.15, 2864
1487949301, 292.15, 291.07, 290.15, 2985
1487950202, 293.15, 291.39, 290.15, 3101
1487951101, 294.15, 292.65, 291.15, 3151
1487952001, 294.15, 292.9, 291.15, 3119
1487955602, 297.15, 295.57, 294.15, 2850
1487959201, 298.15, 296.81, 295.15, 2845
1487962801, 298.15, 296.98, 296.15, 3172
1487966401, 299.15, 297.23, 296.15, 3743
1487967301, 299.15, 297.07, 295.15, 4365
1487968202, 299.15, 297.08, 295.15, 4947
1487969102, 299.15, 297.06, 295.15, 4524
1487970001, 299.15, 297.06, 295.15, 4181
1487970902, 299.15, 297.15, 295.15, 4782
1487971801, 298.15, 296.98, 296.15, 5046
1487972701, 298.15, 296.98, 296.15, 4764
1487973601, 298.15, 296.82, 294.15, 5147
1487974501, 298.15, 296.82, 294.15, 5223
1487975401, 297.15, 296.06, 294.15, 5266
1487976302, 297.15, 296.06, 294.15, 5165
1487977201, 297.15, 295.82, 294.15, 4640
1487978101, 296.15, 295.32, 292.15, 3975
1487979001, 296.15, 295.08, 292.15, 3672
1487979901, 295.15, 294.23, 292.15, 3772
1487980801, 295.15, 293.65, 292.15, 3526
1487981701, 295.15, 293.73, 292.15, 3452
1487982601, 294.15, 292.65, 291.15, 3305
1487983501, 294.15, 292.65, 291.15, 3168
1487984401, 293.15, 291.73, 290.15, 2889
1487985301, 293.15, 291.73, 290.15, 2765
1487986201, 293.15, 291.07, 289.15, 2744
1487987101, 293.15, 291.07, 289.15, 2721
1487988001, 293.15, 291, 289.15, 2722
1487991601, 292.15, 290.56, 289.15, 2697
1487995201, 291.15, 290.23, 289.15, 2675
1487998802, 291.15, 290.15, 289.15, 2649
1488002401, 291.15, 290.48, 289.15, 2670
1488006001, 292.15, 289.9, 288.15, 2609
1488009602, 292.15, 289.65, 288.15, 2601
1488013201, 290.15, 289.07, 288.15, 2597
1488016801, 290.15, 288.9, 288.15, 2532
1488020402, 289.15, 287.65, 286.15, 2588
1488021301, 289.15, 287.65, 286.15, 2557
1488022201, 289.15, 287.69, 286.15, 2585
1488023101, 289.15, 287.69, 286.15, 2561
1488024001, 289.15, 287.69, 286.15, 2594
1488024903, 288.15, 288.06, 287.15, 2595
1488025801, 288.15, 288.06, 287.15, 2628
1488026701, 289.15, 288.15, 287.15, 2640
1488027601, 289.15, 288.23, 287.15, 2651
1488028501, 290.15, 288.64, 287.15, 2649
1488029401, 290.15, 288.81, 287.15, 2666
1488030301, 290.15, 289.32, 288.15, 2657
1488031202, 291.15, 289.56, 288.15, 2679
1488032101, 291.15, 290.14, 288.15, 2694
1488033001, 291.15, 290.39, 288.15, 2717
1488033901, 293.15, 291.4, 290.15, 2737
1488034801, 293.15, 291.56, 290.15, 2730
1488035702, 293.15, 291.98, 291.15, 2783
1488036601, 294.15, 293.15, 292.15, 2761
1488037501, 294.15, 293.15, 292.15, 2797
1488038401, 295.15, 293.48, 292.15, 2777
1488042001, 297.15, 295.31, 294.15, 2832
1488045601, 298.15, 296.4, 295.15, 2899
1488049201, 298.15, 296.56, 294.15, 2894
1488052801, 298.15, 292.17, 285.15, 3425
1488053701, 298.15, 292.17, 285.15, 3410
1488054601, 294.15, 289.39, 284.15, 3249
1488055501, 294.15, 289.39, 284.15, 3258
1488056401, 292.15, 288.47, 284.15, 3138
1488057301, 292.15, 288.47, 284.15, 3178
1488058201, 292.15, 288.41, 284.15, 3113
1488059101, 292.15, 287.92, 284.15, 3097
1488060001, 292.15, 287.93, 284.15, 3052
1488060901, 292.15, 287.78, 284.15, 3001
1488061801, 292.15, 287.79, 284.15, 2927
1488062701, 291.15, 287.38, 284.15, 2903
1488063601, 291.15, 287.39, 284.15, 2869
1488064501, 291.15, 287.31, 284.15, 2894
1488065401, 288.15, 286.07, 284.15, 2860
1488066302, 288.15, 286.07, 284.15, 2913
1488067201, 289.15, 286.08, 283.15, 2850
1488068101, 289.15, 286.08, 283.15, 2804
1488069001, 289.15, 286.02, 283.15, 2788
1488069901, 287.15, 285.32, 283.15, 2779
1488070801, 287.15, 285.32, 283.15, 2802
1488071701, 287.15, 285.16, 283.15, 2729
1488072601, 288.15, 285.58, 284.15, 2772
1488073501, 286.15, 284.65, 282.15, 2746
1488074402, 287.15, 284.47, 281.15, 2757
1488078001, 286.15, 283.16, 280.15, 2778
1488081601, 284.15, 281.62, 279.15, 2723
1488085201, 281.15, 279.66, 278.15, 2663
1488088801, 280.15, 278.82, 277.15, 2673
1488092401, 279.15, 278.07, 276.15, 2674
1488096001, 279.15, 277.09, 275.15, 2685
1488099601, 278.15, 276.16, 274.15, 2628
1488103201, 277.15, 275.39, 274.15, 2567
1488106801, 276.15, 274.77, 274.15, 2520
1488107701, 275.15, 274.49, 273.15, 2544
1488108602, 276.15, 274.16, 272.15, 2565
1488109501, 276.15, 274.08, 272.15, 2525
1488110401, 275.15, 274, 272.15, 2506
1488111301, 275.15, 274, 272.15, 2517
1488112201, 275.15, 273.92, 272.15, 2523
1488113102, 275.15, 273.85, 272.15, 2544
1488114001, 275.15, 273.85, 272.15, 2540
1488114901, 276.15, 274.07, 272.15, 2550
1488115801, 276.15, 274.48, 273.15, 2583
1488116701, 276.15, 275.23, 274.15, 2627
1488117602, 276.15, 275.31, 274.15, 2609
1488118502, 276.15, 275.57, 275.15, 2632
1488119401, 277.15, 276.07, 275.15, 2618
1488121201, 278.15, 276.53, 275.15, 2645
1488122102, 278.15, 276.61, 275.15, 2663
1488123001, 278.15, 276.85, 276.15, 2692
1488123901, 279.15, 277.46, 276.15, 2690
1488124801, 279.15, 277.69, 276.15, 2694
1488128401, 280.15, 278.82, 278.15, 2733
1488132001, 281.15, 279.69, 278.15, 2775
1488135601, 282.15, 280.46, 279.15, 2835
